{
  "schema_version": 1,
  "arm": "left",
  "convention": "base_T_target = base_T_EE @ EE_T_camera @ camera_T_target",
  "selected_method": "DANIILIDIS",
  "EE_T_camera": [
    [
      -0.7158049978348563,
      -0.6525211736850174,
      -0.2486751354023351,
      0.04029453730572892
    ],
    [
      0.6983000353757318,
      -0.6691410449915269,
      -0.2542190443336219,
      0.04255279987641058
    ],
    [
      -0.0005154307848694306,
      -0.35562111832732285,
      0.9346300629290342,
      -0.08088484698504621
    ],
    [
      0.0,
      0.0,
      0.0,
      1.0
    ]
  ],
  "camera_T_EE": [
    [
      -0.7158049978348556,
      0.698300035375731,
      -0.0005154307848695296,
      -0.0009132810103156657
    ],
    [
      -0.6525211736850167,
      -0.669141044991526,
      -0.35562111832732257,
      0.026002504011889086
    ],
    [
      -0.24867513540233493,
      -0.2542190443336218,
      0.9346300629290341,
      0.09643539126641656
    ],
    [
      0.0,
      0.0,
      0.0,
      1.0
    ]
  ],
  "base_T_checkerboard": [
    [
      -0.68246866297412,
      0.7308275988280718,
      0.01129128625469437,
      0.4899188121037157
    ],
    [
      0.7309066966335463,
      0.6824524464509016,
      0.005834256877564232,
      0.17300443867483883
    ],
    [
      -0.0034419373758866633,
      0.012234592152082863,
      -0.9999192532716766,
      0.15951193081036513
    ],
    [
      0.0,
      0.0,
      0.0,
      1.0
    ]
  ],
  "valid_sample_indices": [
    0,
    1,
    2,
    3,
    4,
    5,
    6,
    7,
    8,
    9,
    10,
    11,
    12,
    13,
    14,
    15,
    16,
    17,
    18,
    19,
    20,
    21,
    22,
    23,
    24,
    25,
    26,
    27,
    28,
    29
  ],
  "pnp_rmse_px": {
    "median": 0.2728085664325822,
    "max": 0.41899759673429604
  },
  "consistency": {
    "translation_median_mm": 2.0875405193277783,
    "translation_max_mm": 5.5414473893988605,
    "rotation_median_deg": 0.37466388786458404,
    "rotation_max_deg": 0.8484832548216936
  },
  "method_comparison": [
    {
      "method": "DANIILIDIS",
      "score": 2.4622044071923623,
      "translation_median_mm": 2.0875405193277783,
      "translation_max_mm": 5.5414473893988605,
      "rotation_median_deg": 0.37466388786458404,
      "rotation_max_deg": 0.8484832548216936
    },
    {
      "method": "PARK",
      "score": 2.4851348354938305,
      "translation_median_mm": 2.1061040174686987,
      "translation_max_mm": 5.416502848560646,
      "rotation_median_deg": 0.3790308180251317,
      "rotation_max_deg": 0.8083140177452792
    },
    {
      "method": "HORAUD",
      "score": 2.4966875483712085,
      "translation_median_mm": 2.118586162198767,
      "translation_max_mm": 5.449283760685376,
      "rotation_median_deg": 0.37810138617244177,
      "rotation_max_deg": 0.8167635834930914
    },
    {
      "method": "TSAI",
      "score": 2.5711607670695584,
      "translation_median_mm": 2.196030949278568,
      "translation_max_mm": 5.533788100713763,
      "rotation_median_deg": 0.3751298177909902,
      "rotation_max_deg": 0.9126744244461301
    },
    {
      "method": "ANDREFF",
      "score": 3.684118574652798,
      "translation_median_mm": 3.309693389112624,
      "translation_max_mm": 5.278970838090875,
      "rotation_median_deg": 0.37442518554017407,
      "rotation_max_deg": 0.8268076101582059
    }
  ],
  "rejected": [],
  "intrinsics_file": "calibration_output/left_intrinsics.json",
  "data_manifest": "left_hand_eye_data/left/samples.json"
}