{
  "schema_version": 1,
  "arm": "right",
  "convention": "base_T_target = base_T_EE @ EE_T_camera @ camera_T_target",
  "selected_method": "ANDREFF",
  "EE_T_camera": [
    [
      0.7061748794371371,
      -0.6685137013592551,
      -0.23325194693055212,
      0.04146414260556658
    ],
    [
      0.7080366561135536,
      0.667249651442504,
      0.23121850325913434,
      -0.04079447200951454
    ],
    [
      0.0010645428511852906,
      -0.32843162719933894,
      0.9445271478383839,
      -0.07319406875580459
    ],
    [
      0.0,
      0.0,
      0.0,
      1.0
    ]
  ],
  "camera_T_EE": [
    [
      0.7061748794371374,
      0.7080366561135536,
      0.0010645428511854545,
      -0.0003190361332724473
    ],
    [
      -0.6685137013592554,
      0.6672496514425039,
      -0.3284316271993387,
      0.03090019757325569
    ],
    [
      -0.2332519469305522,
      0.23121850325913454,
      0.944527147838384,
      0.08823781375044776
    ],
    [
      0.0,
      0.0,
      0.0,
      1.0
    ]
  ],
  "base_T_checkerboard": [
    [
      0.677286063562541,
      0.7355193032998896,
      0.017174434349792336,
      0.3567345652975283
    ],
    [
      0.735667424424001,
      -0.677331752212971,
      -0.003884402217047694,
      -0.404951229499384
    ],
    [
      0.008775736811291332,
      0.01526552592233592,
      -0.9998449496362507,
      0.15437161683227338
    ],
    [
      0.0,
      0.0,
      0.0,
      1.0
    ]
  ],
  "valid_sample_indices": [
    0,
    1,
    2,
    3,
    4,
    5,
    6,
    7,
    8,
    9,
    10,
    11,
    12,
    13,
    14,
    15,
    16,
    17,
    18,
    19,
    20,
    21,
    22,
    23,
    24,
    25
  ],
  "pnp_rmse_px": {
    "median": 0.2665960296779965,
    "max": 0.3875433649139988
  },
  "consistency": {
    "translation_median_mm": 1.2911697321377418,
    "translation_max_mm": 3.69626513232656,
    "rotation_median_deg": 0.2292067205211562,
    "rotation_max_deg": 0.496880990466966
  },
  "method_comparison": [
    {
      "method": "ANDREFF",
      "score": 1.520376452658898,
      "translation_median_mm": 1.2911697321377418,
      "translation_max_mm": 3.69626513232656,
      "rotation_median_deg": 0.2292067205211562,
      "rotation_max_deg": 0.496880990466966
    },
    {
      "method": "DANIILIDIS",
      "score": 1.6344217769054044,
      "translation_median_mm": 1.4050128546817533,
      "translation_max_mm": 2.2420290398158795,
      "rotation_median_deg": 0.22940892222365097,
      "rotation_max_deg": 0.4971884607816231
    },
    {
      "method": "PARK",
      "score": 1.6609066517865392,
      "translation_median_mm": 1.4311670703834967,
      "translation_max_mm": 2.2768783235294614,
      "rotation_median_deg": 0.2297395814030424,
      "rotation_max_deg": 0.5035415608659093
    },
    {
      "method": "HORAUD",
      "score": 1.6738000155036459,
      "translation_median_mm": 1.4449796820798344,
      "translation_max_mm": 2.275349691545256,
      "rotation_median_deg": 0.22882033342381156,
      "rotation_max_deg": 0.497960702268489
    },
    {
      "method": "TSAI",
      "score": 1.7080013492037414,
      "translation_median_mm": 1.4656116560924648,
      "translation_max_mm": 2.284680589937949,
      "rotation_median_deg": 0.24238969311127664,
      "rotation_max_deg": 0.48528649984719036
    }
  ],
  "rejected": [],
  "intrinsics_file": "calibration_output/right_intrinsics.json",
  "data_manifest": "right_hand_eye_data/right/samples.json"
}