{
  "left_xyz_m": [
    0.6758811257443298,
    0.012953134608108974,
    0.1549748179727573
  ],
  "right_xyz_m": [
    0.6745345131664082,
    0.014736664471256024,
    0.1543076695768168
  ]
}
